projectId,billingAccount
topoloom-prod-20260202-kh,billingAccounts/012BA1-3C440F-05F02B
langley-hub-prod,billingAccounts/01F81C-E7F5E2-B7E4AF
a2abench-prod,billingAccounts/011383-A1EEBE-2DD4B6
fallbacklab,billingAccounts/012BA1-3C440F-05F02B
triggeridea-staging,billingAccounts/012BA1-3C440F-05F02B
triggeridea-prod,billingAccounts/012BA1-3C440F-05F02B
khalidsaidi-com,billingAccounts/011383-A1EEBE-2DD4B6
aicostledger-prod-usw1-a87bf2,billingAccounts/01F81C-E7F5E2-B7E4AF
agentability-prod-jenfjn,billingAccounts/01F279-46BBDE-D0E6D1
relayorb,billingAccounts/011383-A1EEBE-2DD4B6
palmera-dev-261e8,billingAccounts/012BA1-3C440F-05F02B
ai-status-dashboard,billingAccounts/011383-A1EEBE-2DD4B6
ai-status-dashboard-dev,billingAccounts/01F81C-E7F5E2-B7E4AF
best-dev-77964,billingAccounts/011383-A1EEBE-2DD4B6
best-dev-7a94c,none
best-dev-3666b,none
best-2b507,billingAccounts/01F81C-E7F5E2-B7E4AF
testgmap-1503704844142,none
khalidsaidi66,none
appsdelivery,none
gaerest1,none
nth-champion-367,none
silent-complex-367,none
